dataset_id	sample_id	library_id	normal_sample_id	normal_library_id	ticket_id	infer_haps_ticket_id	snv_genotyping_ticket_id	breakpoint_calling_id	breakpoint_calling_version	breakpoint_calling_status	merge_cell_bams_id	merge_cell_bams_version	merge_cell_bams_status	variant_calling_id	variant_calling_version	variant_calling_status	count_haps_id	count_haps_version	count_haps_status	aligner	ref_genome	isabl_sample_id
2295	SA921	A90554A	DAH370N	A41086	SC-3441	SC-3631	SC-3595	5057	v0.5.18	complete	5058	v0.5.18	complete	5126	v0.5.18	complete	5428	v0.5.21	complete	BWA_MEM	HG19	SA921
2295	SA922	A90554B	DAH370N	A41086	SC-3442	SC-3631	SC-3595	4210	v0.5.15	complete	4097	v0.5.15	complete	4158	v0.5.15	complete	5429	v0.5.21	complete	BWA_MEM	HG19	SA922
2295	SA1090	A96213A	DAH370N	A41086	SC-2640	SC-3631	SC-3595	4211	v0.5.18	complete	4098	v0.5.15	complete	4159	v0.5.21	complete	5430	v0.5.21	complete	BWA_MEM	HG19	SA1090
DG1134	SA1105	A96168B	DG1134N	A14220	SC-3486	SC-3632	SC-3596	5439	v0.5.21	complete	4314	v0.5.21	complete	5315	v0.5.21	complete	5431	v0.5.21	complete	BWA_MEM	HG19	SA1105
DG1197	SA1106	A96168B	DG1197N	A20908	SC-3486	SC-3633	SC-3597	5440	v0.5.21	complete	4315	v0.5.22	complete	5316	v0.5.21	complete	5432	v0.5.21	complete	BWA_MEM	HG19	SA1106
SA039	SA039	A73047D	SA039	A73044B	SC-2619	SC-3644	SC-3598	5782	v0.5.21	complete	3302	v0.5.3	complete	5777	v0.5.21	complete	5586	v0.6.10	complete	BWA_MEM	HG19	SA039X51
SA039	SA039	A96199B	SA039	A73044B	SC-3008	SC-3644	SC-3598	5783	v0.5.21	complete	3301	v0.5.3	complete	5778	v0.5.21	complete	5587	v0.6.10	complete	BWA_MEM	HG19	SA039X30
SA039	SA039	A96226B	SA039	A73044B	SC-3019	SC-3644	SC-3598	5784	v0.5.21	complete	3303	v0.5.3	complete	5779	v0.5.21	complete	5588	v0.6.10	complete	BWA_MEM	HG19	SA039X60
SA501	SA501X2XB00096	A95621B	SA501N	A20875	SC-2966	SC-3645	SC-3599	5098	v0.5.18	complete	3649	v0.5.5	complete	5162	v0.5.18	complete	5387	v0.5.21	complete	BWA_MEM	HG19	SA501X2XB00096
SA501	SA501X2XB00097	A96109A	SA501N	A20875	SC-2936	SC-3645	SC-3599	5099	v0.5.18	complete	3650	v0.5.5	complete	5163	v0.5.18	complete	5388	v0.5.21	complete	BWA_MEM	HG19	SA501X2XB00097
SA501	SA501X2XB00097	A96171A	SA501N	A20875	SC-2937	SC-3645	SC-3599	5100	v0.5.18	complete	3651	v0.5.5	complete	5164	v0.5.18	complete	5389	v0.5.21	complete	BWA_MEM	HG19	SA501X2XB00097
SA501	SA501X5XB00877	A95670A	SA501N	A20875	SC-2967	SC-3645	SC-3599	5101	v0.5.18	complete	3655	v0.5.5	complete	5165	v0.5.18	complete	5390	v0.5.21	complete	BWA_MEM	HG19	SA501X5XB00877
SA501	SA501X6XB00294	A96213A	SA501N	A20875	SC-2640	SC-3645	SC-3599	5102	v0.5.18	complete	4099	v0.5.15	complete	5166	v0.5.18	complete	5391	v0.5.21	complete	BWA_MEM	HG19	SA501X6XB00294
SA501	SA501X6XB00969	A95670B	SA501N	A20875	SC-2968	SC-3645	SC-3599	5103	v0.5.18	complete	3656	v0.5.5	complete	5167	v0.5.18	complete	5392	v0.5.21	complete	BWA_MEM	HG19	SA501X6XB00969
SA501	SA501X8XB01694	A90696ABC	SA501N	A20875	SC-3782	SC-3645	SC-3599	6460	v0.5.21	complete	6459	v0.5.21	complete	6463	v0.5.21	complete	6461	v0.5.21	complete	BWA_MEM	HG19	SA501X8XB01694
SA501	SA501X8XB01694	A90697ABC	SA501N	A20875	SC-3839	SC-3645	SC-3599	6598	v0.6.8	complete	6597	v0.6.8	complete	6601	v0.6.9	complete	6599	v0.6.10	complete	BWA_MEM	HG19	SA501X8XB01694
SA501	SA501X11XB00529	A96174A	SA501N	A20875	SC-2871	SC-3645	SC-3599	5106	v0.5.18	complete	3659	v0.5.5	complete	5170	v0.5.18	complete	5395	v0.5.21	complete	BWA_MEM	HG19	SA501X11XB00529
SA501	SA501X11XB00529	A96187A	SA501N	A20875	SC-3567	SC-3645	SC-3599	5107	v0.5.18	complete	4333	v0.5.15	complete	5171	v0.5.18	complete	5396	v0.5.21	complete	BWA_MEM	HG19	SA501X11XB00529
SA501	SA501X15XB00929	A96173A	SA501N	A20875	SC-2873	SC-3645	SC-3599	5108	v0.5.18	complete	3660	v0.5.5	complete	5172	v0.5.18	complete	5397	v0.5.21	complete	BWA_MEM	HG19	SA501X15XB00929
SA530	SA530X3XB03295	A98240A	SA530N	A34827	SC-3359	SC-3646	SC-3626	5109	v0.5.18	complete	5060	v0.5.18	complete	5236	v0.5.18	complete	5398	v0.5.21	complete	BWA_MEM	HG19	SA530X3XB03295
SA530	SA530X3XB03295	A98247A	SA530N	A34827	SC-3080	SC-3646	SC-3626	5110	v0.5.18	complete	5061	v0.5.18	complete	5237	v0.5.18	complete	5399	v0.5.21	complete	BWA_MEM	HG19	SA530X3XB03295
SA532	SA532X1XB00118	A96157C	SA532N	A30653	SC-3041	SC-3329	SC-3600	3218	v0.5.15	complete	3215	v0.5.15	complete	3217	v0.5.15	complete	3782	v0.5.21	complete	BWA_MEM	HG19	SA532X1XB00118
SA532	SA532X2XB00147	A96165A	SA532N	A30653	SC-2571	SC-3329	SC-3600	3315	v0.5.14	complete	3252	v0.5.3	complete	3385	v0.5.9	complete	3784	v0.5.21	complete	BWA_MEM	HG19	SA532X2XB00147
SA532	SA532X3XB00210	A96179B	SA532N	A30653	SC-2572	SC-3329	SC-3600	3316	v0.5.14	complete	3253	v0.5.3	complete	3386	v0.5.9	complete	3785	v0.5.21	complete	BWA_MEM	HG19	SA532X3XB00210
SA532	SA532X3XB00210	A96186C	SA532N	A30653	SC-3033	SC-3329	SC-3600	3317	v0.5.15	complete	3254	v0.5.15	complete	3387	v0.5.15	complete	3786	v0.5.21	complete	BWA_MEM	HG19	SA532X3XB00210
SA532	SA532X4XB00273	A95732B	SA532N	A30653	SC-2574	SC-3329	SC-3600	3318	v0.5.14	complete	3255	v0.5.3	complete	3388	v0.5.9	complete	3787	v0.5.21	complete	BWA_MEM	HG19	SA532X4XB00273
SA532	SA532X5XB00478	A96174B	SA532N	A30653	SC-2575	SC-3329	SC-3600	3319	v0.5.14	complete	3257	v0.5.3	complete	3389	v0.5.9	complete	3788	v0.5.21	complete	BWA_MEM	HG19	SA532X5XB00478
SA532	SA532X7XB01216	A96177B	SA532N	A30653	SC-2577	SC-3329	SC-3600	3321	v0.5.14	complete	3258	v0.5.3	complete	3390	v0.5.9	complete	3791	v0.5.21	complete	BWA_MEM	HG19	SA532X7XB01216
SA532	SA532X8XB01398	A96145A	SA532N	A30653	SC-2578	SC-3329	SC-3600	3322	v0.5.14	complete	3259	v0.5.3	complete	3391	v0.5.9	complete	3792	v0.5.21	complete	BWA_MEM	HG19	SA532X8XB01398
SA532	SA532X9XB02755	A96162B	SA532N	A30653	SC-3055	SC-3329	SC-3600	3323	v0.5.14	complete	3260	v0.5.3	complete	3392	v0.5.9	complete	3793	v0.5.21	complete	BWA_MEM	HG19	SA532X9XB02755
SA535	SA535X5XB02895	A96233A	SA535N	A30662	SC-2822	SC-3647	SC-3601	4222	v0.6.43	error	3686	v0.5.5	complete	4170	v0.5.15	complete	5410	v0.5.21	complete	BWA_MEM	HG19	SA535X5XB02895
SA535	SA535X6XB03099	A98285A	SA535N	A30662	SC-3048	SC-3647	SC-3601	4223	v0.6.43	error	3689	v0.5.5	complete	4171	v0.5.15	complete	5411	v0.5.21	complete	BWA_MEM	HG19	SA535X6XB03099
SA535	SA535X7XB03448	A108870A	SA535N	A30662	SC-3863	SC-3647	SC-3601	6567	v0.6.43	error	6566	v0.6.8	complete	6617	v0.6.9	complete	6568	v0.6.10	complete	BWA_MEM	HG19	SA535X7XB03448
SA535	SA535X8XB03664	A108759B	SA535N	A30662	SC-3796	SC-3647	SC-3601	6379	v0.6.43	error	6378	v0.5.21	complete	6388	v0.5.21	complete	6380	v0.5.21	complete	BWA_MEM	HG19	SA535X8XB03664
SA535	SA535X9XB03776	A118845B	SA535N	A30662	SC-4258	SC-3647	SC-3601	7479	v0.6.18	complete	7478	v0.6.18	complete	7486	v0.6.18	complete	7480	v0.6.18	complete	BWA_MEM	HG19	SA535X9XB03776
SA604	SA604X6XB01972	A96177C	SA604N	A49445	SC-2810	SC-3648	SC-3602	4226	v0.5.15	complete	3692	v0.5.5	complete	4174	v0.5.15	complete	5414	v0.5.21	complete	BWA_MEM	HG19	SA604X6XB01972
SA604	SA604X6XB01975	A96180A	SA604N	A49445	SC-3233	SC-3648	SC-3602	4227	v0.5.15	complete	3693	v0.5.5	complete	4175	v0.5.15	complete	5415	v0.5.21	complete	BWA_MEM	HG19	SA604X6XB01975
SA604	SA604X6XB01979	A95722A	SA604N	A49445	SC-2812	SC-3648	SC-3602	4228	v0.5.15	complete	3694	v0.5.5	complete	4176	v0.5.15	complete	5416	v0.5.21	complete	BWA_MEM	HG19	SA604X6XB01979
SA604	SA604X7XB02089	A96175A	SA604N	A49445	SC-2813	SC-3648	SC-3602	4229	v0.5.15	complete	3695	v0.5.5	complete	4177	v0.5.15	complete	5417	v0.5.21	complete	BWA_MEM	HG19	SA604X7XB02089
SA604	SA604X7XB02089	A96212B	SA604N	A49445	SC-2814	SC-3648	SC-3602	4230	v0.5.15	complete	3696	v0.5.5	complete	4178	v0.5.15	complete	5418	v0.5.21	complete	BWA_MEM	HG19	SA604X7XB02089
SA604	SA604X8XB02204	A96161A	SA604N	A49445	SC-2816	SC-3648	SC-3602	4231	v0.5.15	complete	3697	v0.5.5	complete	4179	v0.5.15	complete	5419	v0.5.21	complete	BWA_MEM	HG19	SA604X8XB02204
SA604	SA604X8XB02240	A96141A	SA604N	A49445	SC-3776	SC-3648	SC-3602	5828	v0.5.21	complete	5827	v0.5.21	complete	5846	v0.5.21	complete	5829	v0.5.21	complete	BWA_MEM	HG19	SA604X8XB02240
SA609	SA609X1XB00290	A96172A	SA609N	A49448	SC-2581	SC-3330	SC-3603	3326	v0.5.14	complete	3263	v0.5.3	complete	3394	v0.5.9	complete	3797	v0.5.21	complete	BWA_MEM	HG19	SA609X1XB00290
SA609	SA609X2XB00426	A96149A	SA609N	A49448	SC-3047	SC-3330	SC-3603	3327	v0.5.15	complete	3264	v0.5.15	complete	3395	v0.5.15	complete	3798	v0.5.21	complete	BWA_MEM	HG19	SA609X2XB00426
SA609	SA609X3XB01584	A95724A	SA609N	A49448	SC-2583	SC-3330	SC-3603	3328	v0.5.14	complete	3265	v0.5.3	complete	3396	v0.5.9	complete	3799	v0.5.21	complete	BWA_MEM	HG19	SA609X3XB01584
SA609	SA609X4XB01721	A95664B	SA609N	A49448	SC-3434	SC-3330	SC-3603	5112	v0.5.18	complete	5062	v0.5.18	complete	5198	v0.5.18	complete	5053	v0.5.18	complete	BWA_MEM	HG19	SA609X4XB01721
SA609	SA609X5XB01844	A95724B	SA609N	A49448	SC-2585	SC-3330	SC-3603	3330	v0.5.14	complete	3267	v0.5.3	complete	3398	v0.5.9	complete	3802	v0.5.21	complete	BWA_MEM	HG19	SA609X5XB01844
SA609	SA609X6XB01899	A95632D	SA609N	A49448	SC-2586	SC-3330	SC-3603	3331	v0.5.14	complete	3268	v0.5.3	complete	3399	v0.5.9	complete	3803	v0.5.21	complete	BWA_MEM	HG19	SA609X6XB01899
SA609	SA609X7XB02184	A95728A	SA609N	A49448	SC-2587	SC-3330	SC-3603	3332	v0.5.14	complete	3269	v0.5.3	complete	3400	v0.5.9	complete	3804	v0.5.21	complete	BWA_MEM	HG19	SA609X7XB02184
SA609	SA609X8XB02312	A96184A	SA609N	A49448	SC-2588	SC-3330	SC-3603	3333	v0.5.15	complete	3270	v0.5.15	complete	3401	v0.5.15	complete	3805	v0.5.15	complete	BWA_MEM	HG19	SA609X8XB02312
SA609	SA609X9XB02360	A96217B	SA609N	A49448	SC-2589	SC-3330	SC-3603	3334	v0.5.14	complete	3271	v0.5.3	complete	3402	v0.5.9	complete	3806	v0.5.21	complete	BWA_MEM	HG19	SA609X9XB02360
SA609	SA609X10XB02454	A96219B	SA609N	A49448	SC-2590	SC-3330	SC-3603	3335	v0.5.14	complete	3272	v0.5.3	complete	3403	v0.5.9	complete	3807	v0.5.21	complete	BWA_MEM	HG19	SA609X10XB02454
SA906a	SA906	A96146A	SA039	A73044B	SC-2608	SC-3644	SC-3605	3354	v0.5.14	complete	3290	v0.5.3	complete	3421	v0.5.9	complete	5344	v0.6.10	complete	BWA_MEM	HG19	SA906aX57
SA906a	SA906	A96175C	SA039	A73044B	SC-2605	SC-3644	SC-3605	3351	v0.5.14	complete	3287	v0.5.3	complete	3418	v0.5.9	complete	5345	v0.6.10	complete	BWA_MEM	HG19	SA906aX30
SA906a	SA906	A96180B	SA039	A73044B	SC-2602	SC-3644	SC-3605	3348	v0.5.15	complete	3284	v0.5.15	complete	3415	v0.5.15	complete	5346	v0.6.10	complete	BWA_MEM	HG19	SA906aX10
SA906a	SA906	A96183C	SA039	A73044B	SC-3022	SC-3644	SC-3605	3352	v0.5.14	complete	3288	v0.5.3	complete	3419	v0.5.9	complete	5347	v0.6.10	complete	BWA_MEM	HG19	SA906aX40
SA906a	SA906	A96186A	SA039	A73044B	SC-3025	SC-3644	SC-3605	3353	v0.5.14	complete	3289	v0.5.3	complete	3420	v0.5.9	complete	5348	v0.6.10	complete	BWA_MEM	HG19	SA906aX50
SA906a	SA906	A96210C	SA039	A73044B	SC-3023	SC-3644	SC-3605	3349	v0.5.14	complete	3285	v0.5.3	complete	3416	v0.5.9	complete	5349	v0.6.10	complete	BWA_MEM	HG19	SA906aX15
SA906a	SA906	A96216A	SA039	A73044B	SC-2604	SC-3644	SC-3605	3350	v0.5.14	complete	3286	v0.5.3	complete	3417	v0.5.9	complete	5350	v0.6.10	complete	BWA_MEM	HG19	SA906aX25
SA906b	SA906	A96149B	SA039	A73044B	SC-3021	SC-3644	SC-3606	3361	v0.5.15	complete	3297	v0.5.15	complete	3428	v0.5.15	complete	5351	v0.6.10	complete	BWA_MEM	HG19	SA906bX55
SA906b	SA906	A96155B	SA039	A73044B	SC-3028	SC-3644	SC-3606	3358	v0.5.14	complete	3294	v0.5.3	complete	3425	v0.5.9	complete	5352	v0.6.10	complete	BWA_MEM	HG19	SA906bX40
SA906b	SA906	A96172B	SA039	A73044B	SC-3026	SC-3644	SC-3606	3357	v0.5.15	complete	3293	v0.5.15	complete	3424	v0.5.15	complete	5353	v0.6.10	complete	BWA_MEM	HG19	SA906bX35
SA906b	SA906	A96211C	SA039	A73044B	SC-2610	SC-3644	SC-3606	3356	v0.5.14	complete	3292	v0.5.3	complete	3423	v0.5.9	complete	5354	v0.6.10	complete	BWA_MEM	HG19	SA906bX30
SA906b	SA906	A96215A	SA039	A73044B	SC-2609	SC-3644	SC-3606	3355	v0.5.14	complete	3291	v0.5.3	complete	3422	v0.5.9	complete	5355	v0.6.10	complete	BWA_MEM	HG19	SA906bX20
SA906b	SA906	A96220B	SA039	A73044B	SC-2613	SC-3644	SC-3606	3359	v0.5.14	complete	3295	v0.5.3	complete	3426	v0.5.9	complete	5356	v0.6.10	complete	BWA_MEM	HG19	SA906bX45
SA906b	SA906	A96228B	SA039	A73044B	SC-3009	SC-3644	SC-3606	3360	v0.5.15	complete	3296	v0.5.15	complete	3427	v0.5.15	complete	5357	v0.6.10	complete	BWA_MEM	HG19	SA906bX50
SA1035	SA1035X4XB02879	A95626A	SA1035N	A77874	SC-3141	SC-3649	SC-4267	4233	v0.5.15	complete	3703	v0.5.5	complete	4181	v0.5.15	complete	5433	v0.5.21	complete	BWA_MEM	HG19	SA1035X4XB02879
SA1035	SA1035X4XB02879	A95646A	SA1035N	A77874	SC-3861	SC-3649	SC-4267	6571	v0.6.8	complete	6570	v0.6.8	complete	6573	v0.6.9	complete	6572	v0.6.10	complete	BWA_MEM	HG19	SA1035X4XB02879
SA1035	SA1035X5XB03015	A95623A	SA1035N	A77874	SC-3086	SC-3649	SC-4267	5717	v0.5.21	complete	5670	v0.5.21	complete	5687	v0.5.21	complete	5752	v0.5.21	complete	BWA_MEM	HG19	SA1035X5XB03015
SA1035	SA1035X5XB03021	A95731B	SA1035N	A77874	SC-3058	SC-3649	SC-4267	4235	v0.5.15	complete	3705	v0.5.5	complete	4183	v0.5.15	complete	5435	v0.5.21	complete	BWA_MEM	HG19	SA1035X5XB03021
SA1035	SA1035X6XB03209	A95646B	SA1035N	A77874	SC-3042	SC-3649	SC-4267	5719	v0.5.21	complete	5672	v0.5.21	complete	5689	v0.5.21	complete	5754	v0.5.21	complete	BWA_MEM	HG19	SA1035X6XB03209
SA1035	SA1035X6XB03209	A95730A	SA1035N	A77874	SC-2698	SC-3649	SC-4267	5720	v0.5.21	complete	5673	v0.5.21	complete	5690	v0.5.21	complete	5755	v0.5.21	complete	BWA_MEM	HG19	SA1035X6XB03209
SA1035	SA1035X6XB03211	A95653B	SA1035N	A77874	SC-3193	SC-3649	SC-4267	5718	v0.5.21	complete	5671	v0.5.21	complete	5688	v0.5.21	complete	5753	v0.5.21	complete	BWA_MEM	HG19	SA1035X6XB03211
SA1035	SA1035X6XB03216	A95623B	SA1035N	A77874	SC-3053	SC-3649	SC-4267	4236	v0.5.18	complete	3706	v0.5.5	complete	4184	v0.5.15	complete	5436	v0.5.21	complete	BWA_MEM	HG19	SA1035X6XB03216
SA1035	SA1035X7XB03338	A96178B	SA1035N	A77874	SC-3075	SC-3649	SC-4267	5721	v0.5.21	complete	5674	v0.5.21	complete	5691	v0.5.21	complete	5756	v0.5.21	complete	BWA_MEM	HG19	SA1035X7XB03338
SA1035	SA1035X7XB03340	A96178A	SA1035N	A77874	SC-2931	SC-3649	SC-4267	5722	v0.5.21	complete	5675	v0.5.21	complete	5692	v0.5.21	complete	5757	v0.5.21	complete	BWA_MEM	HG19	SA1035X7XB03340
SA1035	SA1035X7XB03340	A98305A	SA1035N	A77874	SC-3040	SC-3649	SC-4267	5723	v0.5.21	complete	5676	v0.5.21	complete	5693	v0.5.21	complete	5758	v0.5.21	complete	BWA_MEM	HG19	SA1035X7XB03340
SA1035	SA1035X7XB03502	A98290B	SA1035N	A77874	SC-3354	SC-3649	SC-4267	4238	v0.5.15	complete	4100	v0.5.15	complete	4186	v0.5.15	complete	5438	v0.5.21	complete	BWA_MEM	HG19	SA1035X7XB03502
SA1035	SA1035X8XB03420	A98299B	SA1035N	A77874	SC-3077	SC-3649	SC-4267	5726	v0.5.21	complete	5679	v0.5.21	complete	5696	v0.5.21	complete	5761	v0.5.21	complete	BWA_MEM	HG19	SA1035X8XB03420
SA1035	SA1035X8XB03425	A98282A	SA1035N	A77874	SC-3045	SC-3649	SC-4267	5724	v0.5.21	complete	5677	v0.5.21	complete	5694	v0.5.21	complete	5759	v0.5.21	complete	BWA_MEM	HG19	SA1035X8XB03425
SA1035	SA1035X8XB03425	A98283A	SA1035N	A77874	SC-3272	SC-3649	SC-4267	5725	v0.5.21	complete	5678	v0.5.21	complete	5695	v0.5.21	complete	5760	v0.5.21	complete	BWA_MEM	HG19	SA1035X8XB03425
SA1035	SA1035X8XB03631	A98253A	SA1035N	A77874	SC-3659	SC-3649	SC-4267	5727	v0.5.21	complete	7497	v0.6.18	complete	7513	v0.6.18	complete	5762	v0.5.21	complete	BWA_MEM	HG19	SA1035X8XB03631
SA1035	SA1035X8XB03631	A98256A	SA1035N	A77874	SC-3414	SC-3649	SC-4267	5728	v0.5.21	complete	5680	v0.5.21	complete	5697	v0.5.21	complete	5763	v0.5.21	complete	BWA_MEM	HG19	SA1035X8XB03631
SA1047	SA1047B	A96210B	SA1047N	A78164	SC-2660	SC-3634	SC-3608	5064	v0.5.18	complete	3584	v0.5.5	complete	5235	v0.5.18	complete	5317	v0.5.21	complete	BWA_MEM	HG19	SA1047B
SA1049	SA1049AX1XB01417	A95652B	SA1049N	A78166	SC-3349	SC-3635	SC-3609	4239	v0.5.18	complete	4101	v0.5.15	complete	4187	v0.5.15	complete	5318	v0.5.21	complete	BWA_MEM	HG19	SA1049AX1XB01417
SA1049	SA1049AX1XB01417	A96113A	SA1049N	A78166	SC-3365	SC-3635	SC-3609	4240	v0.5.15	complete	4102	v0.5.15	complete	4188	v0.5.15	complete	5319	v0.5.21	complete	BWA_MEM	HG19	SA1049AX1XB01417
SA1049	SA1049AX1XB01417	A96205B	SA1049N	A78166	SC-3300	SC-3635	SC-3609	4241	v0.5.18	complete	3594	v0.5.5	complete	4189	v0.5.15	complete	5320	v0.5.21	complete	BWA_MEM	HG19	SA1049AX1XB01417
SA1049	SA1049CX1XB01421	A96189A	SA1049N	A78166	SC-3303	SC-3635	SC-3609	4242	v0.5.21	complete	3595	v0.5.5	complete	4190	v0.5.15	complete	5321	v0.5.21	complete	BWA_MEM	HG19	SA1049CX1XB01421
SA1050	SA1050AX1XB01436	A98181A	SA1050N	A78170	SC-3073	SC-3636	SC-3610	4058	v0.5.15	complete	3596	v0.5.5	complete	3940	v0.5.15	complete	5322	v0.5.21	complete	BWA_MEM	HG19	SA1050AX1XB01436
SA1050	SA1050AX1XB01436	A98279A	SA1050N	A78170	SC-3798	SC-3636	SC-3610	6405	v0.5.21	complete	6404	v0.5.21	complete	6413	v0.5.21	complete	6406	v0.5.21	complete	BWA_MEM	HG19	SA1050AX1XB01436
SA1050	SA1050DX1XB01437	A95717B	SA1050N	A78170	SC-2684	SC-3636	SC-3610	4062	v0.5.15	complete	3600	v0.5.5	complete	3944	v0.5.15	complete	5325	v0.5.21	complete	BWA_MEM	HG19	SA1050DX1XB01437
SA1050	SA1050FX1XB01446	A96206B	SA1050N	A78170	SC-2685	SC-3636	SC-3610	4063	v0.5.15	complete	3601	v0.5.5	complete	3945	v0.5.15	complete	5326	v0.5.21	complete	BWA_MEM	HG19	SA1050FX1XB01446
SA1051	SA1051AX1XB01452	A96190B	SA1051N	A78167	SC-2686	SC-3637	SC-3611	4243	v0.5.18	complete	3602	v0.5.5	complete	4191	v0.5.15	complete	5327	v0.5.21	complete	BWA_MEM	HG19	SA1051AX1XB01452
SA1051	SA1051AX1XB01452	A96207A	SA1051N	A78167	SC-2727	SC-3637	SC-3611	4244	v0.5.15	complete	4103	v0.5.15	complete	4192	v0.5.15	complete	5328	v0.5.21	complete	BWA_MEM	HG19	SA1051AX1XB01452
SA1051	SA1051DX1XB01482	A95629B	SA1051N	A78167	SC-2687	SC-3637	SC-3611	4245	v0.5.18	complete	3603	v0.5.5	complete	4193	v0.5.15	complete	5329	v0.5.21	complete	BWA_MEM	HG19	SA1051DX1XB01482
SA1052	SA1052BX1XB01516	A96207B	SA1052N	A78168	SC-2533	SC-3638	SC-3612	4246	v0.5.15	complete	3604	v0.5.5	complete	4194	v0.5.15	complete	5330	v0.5.21	complete	BWA_MEM	HG19	SA1052BX1XB01516
SA1052	SA1052DX1XB01519	A96200B	SA1052N	A78168	SC-2534	SC-3638	SC-3612	4247	v0.5.18	complete	4104	v0.5.15	complete	4195	v0.5.15	complete	5331	v0.5.21	complete	BWA_MEM	HG19	SA1052DX1XB01519
SA1052	SA1052DX1XB01519	A98243B	SA1052N	A78168	SC-3801	SC-3638	SC-3612	6523	v0.5.21	complete	6521	v0.6.3	complete	6550	v0.5.21	complete	6522	v0.5.21	complete	BWA_MEM	HG19	SA1052DX1XB01519
SA1052	SA1052JX1XB01535	A95650A	SA1052N	A78168	SC-2535	SC-3638	SC-3612	4249	v0.5.15	complete	4105	v0.5.15	complete	4197	v0.5.15	complete	5333	v0.5.21	complete	BWA_MEM	HG19	SA1052JX1XB01535
SA1053	SA1053BX1XB01603	A96194A	SA1053N	A78169	SC-2688	SC-3639	SC-3613	4250	v0.5.15	complete	3606	v0.5.5	complete	4198	v0.5.15	complete	5334	v0.5.21	complete	BWA_MEM	HG19	SA1053BX1XB01603
SA1053	SA1053EX1XB01608	A96194B	SA1053N	A78169	SC-2689	SC-3639	SC-3613	4251	v0.5.18	complete	3607	v0.5.5	complete	4199	v0.5.15	complete	5335	v0.5.21	complete	BWA_MEM	HG19	SA1053EX1XB01608
SA1053	SA1053FX1XB01611	A95663A	SA1053N	A78169	SC-2690	SC-3639	SC-3613	4252	v0.5.18	complete	4106	v0.5.15	complete	4200	v0.5.15	complete	5336	v0.5.21	complete	BWA_MEM	HG19	SA1053FX1XB01611
SA1054	SA1054	A95632A	SA039	A73044B	SC-2963	SC-3644	SC-3614	5069	v0.5.20	complete	3621	v0.5.5	complete	5269	v0.5.20	complete	5358	v0.6.10	complete	BWA_MEM	HG19	SA1054
SA1055	SA1055	A95621A	SA039	A73044B	SC-2964	SC-3644	SC-3615	5070	v0.5.20	complete	3622	v0.5.5	complete	5270	v0.5.20	complete	5359	v0.6.10	complete	BWA_MEM	HG19	SA1055
SA1056	SA1056	A95635A	SA039	A73044B	SC-2965	SC-3644	SC-3616	5071	v0.5.20	complete	3623	v0.5.5	complete	5272	v0.5.20	complete	5360	v0.6.10	complete	BWA_MEM	HG19	SA1056
SA1091	SA1091AX1XB01790	A95634A	SA1091N	A91381	SC-3785	SC-3640	SC-3618	6449	v0.5.21	complete	6448	v0.5.21	complete	6451	v0.5.21	complete	6450	v0.5.21	complete	BWA_MEM	HG19	SA1091AX1XB01790
SA1093	SA1093CX1XB01917	A96192A	SA1093N	A91388	SC-3783	SC-3641	SC-3619	6431	v0.5.21	complete	6430	v0.5.21	complete	6433	v0.5.21	complete	6432	v0.5.21	complete	BWA_MEM	HG19	SA1093CX1XB01917
SA1096	SA1096AX1XB02034	A95717A	SA1096N	A91402	SC-3840	SC-3642	SC-3620	6500	v0.5.21	complete	6499	v0.6.3	complete	6507	v0.5.21	complete	6501	v0.5.21	complete	BWA_MEM	HG19	SA1096AX1XB02034
SA1101a	SA1101	A96155C	SA039	A73044B	SC-2753	SC-3644	SC-3789	5082	v0.5.20	complete	3634	v0.5.5	complete	5283	v0.5.20	complete	5371	v0.6.10	complete	BWA_MEM	HG19	SA1101aX20
SA1101a	SA1101	A96162A	SA039	A73044B	SC-2752	SC-3644	SC-3789	5083	v0.5.20	complete	3635	v0.5.5	complete	5284	v0.5.20	complete	5372	v0.6.10	complete	BWA_MEM	HG19	SA1101aX15
SA1101a	SA1101	A96181C	SA039	A73044B	SC-2745	SC-3644	SC-3789	5084	v0.5.20	complete	3636	v0.5.5	complete	5285	v0.5.20	complete	5373	v0.6.10	complete	BWA_MEM	HG19	SA1101aX50
SA1101a	SA1101	A96183B	SA039	A73044B	SC-3581	SC-3644	SC-3789	5085	v0.5.20	complete	5059	v0.5.18	complete	5286	v0.5.20	complete	5374	v0.6.10	complete	BWA_MEM	HG19	SA1101aX40
SA1101a	SA1101	A96193B	SA039	A73044B	SC-3251	SC-3644	SC-3789	5087	v0.5.20	complete	3638	v0.5.5	complete	5288	v0.5.20	complete	5376	v0.6.10	complete	BWA_MEM	HG19	SA1101aX35
SA1101a	SA1101	A96225B	SA039	A73044B	SC-2747	SC-3644	SC-3789	5088	v0.5.18	complete	3639	v0.5.5	complete	5289	v0.5.20	complete	5377	v0.6.10	complete	BWA_MEM	HG19	SA1101aX10
SA1101a	SA1101	A96225C	SA039	A73044B	SC-2748	SC-3644	SC-3789	5089	v0.5.20	complete	3640	v0.5.5	complete	5290	v0.5.20	complete	5378	v0.6.10	complete	BWA_MEM	HG19	SA1101aX30
SA1101a	SA1101	A96240A	SA039	A73044B	SC-3235	SC-3644	SC-3789	5091	v0.5.18	complete	3642	v0.5.5	complete	5292	v0.5.20	complete	5380	v0.6.10	complete	BWA_MEM	HG19	SA1101aX25
SA1101a	SA1101	A96240B	SA039	A73044B	SC-3234	SC-3644	SC-3789	5092	v0.5.20	complete	3643	v0.5.5	complete	5293	v0.5.20	complete	5381	v0.6.10	complete	BWA_MEM	HG19	SA1101aX45
SA1101b	SA1101	A95634B	SA039	A73044B	SC-3253	SC-3644	SC-3790	5072	v0.5.20	complete	3624	v0.5.5	complete	5273	v0.5.20	complete	5361	v0.6.10	complete	BWA_MEM	HG19	SA1101bX25
SA1101b	SA1101	A95663B	SA039	A73044B	SC-3259	SC-3644	SC-3790	5073	v0.5.20	complete	3625	v0.5.5	complete	5274	v0.5.20	complete	5362	v0.6.10	complete	BWA_MEM	HG19	SA1101bX35
SA1101b	SA1101	A95668B	SA039	A73044B	SC-3250	SC-3644	SC-3790	5074	v0.5.20	complete	3626	v0.5.5	complete	5275	v0.5.20	complete	5363	v0.6.10	complete	BWA_MEM	HG19	SA1101bX30
SA1101b	SA1101	A95697B	SA039	A73044B	SC-2755	SC-3644	SC-3790	5075	v0.5.20	complete	3627	v0.5.5	complete	5276	v0.5.20	complete	5364	v0.6.10	complete	BWA_MEM	HG19	SA1101bX50
SA1101b	SA1101	A95700A	SA039	A73044B	SC-2756	SC-3644	SC-3790	5076	v0.5.20	complete	3628	v0.5.5	complete	5277	v0.5.20	complete	5365	v0.6.10	complete	BWA_MEM	HG19	SA1101bX55
SA1101b	SA1101	A95723A	SA039	A73044B	SC-2757	SC-3644	SC-3790	5077	v0.5.20	complete	3629	v0.5.5	complete	5278	v0.5.20	complete	5366	v0.6.10	complete	BWA_MEM	HG19	SA1101bX55
SA1101b	SA1101	A96114A	SA039	A73044B	SC-3223	SC-3644	SC-3790	5078	v0.5.20	complete	3630	v0.5.5	complete	5279	v0.5.20	complete	5367	v0.6.10	complete	BWA_MEM	HG19	SA1101bX45
SA1101b	SA1101	A96118A	SA039	A73044B	SC-2761	SC-3644	SC-3790	5079	v0.5.20	complete	3631	v0.5.5	complete	5280	v0.5.20	complete	5368	v0.6.10	complete	BWA_MEM	HG19	SA1101bX40
SA1101b	SA1101	A96120A	SA039	A73044B	SC-2760	SC-3644	SC-3790	5080	v0.5.20	complete	3632	v0.5.5	complete	5281	v0.5.20	complete	5369	v0.6.10	complete	BWA_MEM	HG19	SA1101bX41
SA1101b	SA1101	A96124B	SA039	A73044B	SC-3262	SC-3644	SC-3790	5081	v0.5.18	complete	3633	v0.5.5	complete	5282	v0.5.20	complete	5370	v0.6.10	complete	BWA_MEM	HG19	SA1101bX45
SA1101b	SA1101	A96190A	SA039	A73044B	SC-3242	SC-3644	SC-3790	5086	v0.5.20	complete	3637	v0.5.5	complete	5287	v0.5.20	complete	5375	v0.6.10	complete	BWA_MEM	HG19	SA1101bX20
SA1101b	SA1101	A96233B	SA039	A73044B	SC-3236	SC-3644	SC-3790	5090	v0.5.20	complete	3641	v0.5.5	complete	5291	v0.5.20	complete	5379	v0.6.10	complete	BWA_MEM	HG19	SA1101bX15
SA1101b	SA1101	A98271A	SA039	A73044B	SC-2831	SC-3644	SC-3790	5093	v0.5.20	complete	3644	v0.5.5	complete	5294	v0.5.20	complete	5382	v0.6.10	complete	BWA_MEM	HG19	SA1101bX50
SA1101b	SA1101	A98274B	SA039	A73044B	SC-3249	SC-3644	SC-3790	5094	v0.5.18	complete	3645	v0.5.5	complete	5295	v0.5.20	complete	5383	v0.6.10	complete	BWA_MEM	HG19	SA1101bX60
SA1101b	SA1101	A98295B	SA039	A73044B	SC-3090	SC-3644	SC-3790	5095	v0.5.20	complete	3646	v0.5.5	complete	5296	v0.5.20	complete	5384	v0.6.10	complete	BWA_MEM	HG19	SA1101bX60
SA1142	SA1142X2XB06032	A108761A	SA1142N	B00609	SC-3764	SC-3773	SC-3873	5813	v0.5.21	complete	5822	v0.5.21	complete	5823	v0.5.21	complete	6664	v0.6.10	complete	BWA_MEM	HG19	SA1142X2XB06032
SA1142	SA1142X2XB06032	A108847A	SA1142N	B00609	SC-3870	SC-3773	SC-3873	6623	v0.6.9	complete	6622	v0.6.9	complete	6625	v0.6.9	complete	6624	v0.6.10	complete	BWA_MEM	HG19	SA1142X2XB06032
SA1142	SA1142X2XB09021	A95700B	SA1142N	B00609	SC-2924	SC-3773	SC-3873	5838	v0.5.21	complete	5837	v0.5.21	complete	5848	v0.5.21	complete	5839	v0.5.21	complete	BWA_MEM	HG19	SA1142X2XB09021
SA1162	SA1162SA	A95668A	SA1162_N	B10220	SC-2799	SC-3643	SC-3623	4258	v0.5.15	complete	3611	v0.5.5	complete	4206	v0.5.15	complete	5340	v0.5.21	complete	BWA_MEM	HG19	SA1162SA
SA1162	SA1162SA	A96142B	SA1162_N	B10220	SC-2800	SC-3643	SC-3623	4259	v0.5.15	complete	3612	v0.5.5	complete	4207	v0.5.15	complete	5341	v0.5.21	complete	BWA_MEM	HG19	SA1162SA
SA1162	SA1162SA	A96154A	SA1162_N	B10220	SC-3860	SC-3643	SC-3623	6575	v0.6.8	complete	6574	v0.6.8	complete	6581	v0.6.9	complete	6576	v0.6.10	complete	BWA_MEM	HG19	SA1162SA
SA1162	SA1162SB	A95628A	SA1162_N	B10220	SC-3788	SC-3643	SC-3623	6415	v0.5.21	complete	6414	v0.5.21	complete	6428	v0.5.21	complete	6416	v0.5.21	complete	BWA_MEM	HG19	SA1162SB
SA1181	SA1181AX1XB02700	A108765A	SA1181_N	B10217	SC-3958	SC-4022	SC-4054	6853	v0.6.18	complete	6852	v0.6.18	complete	6904	v0.6.18	complete	6916	v0.6.18	complete	BWA_MEM	HG19	SA1181AX1XB02700
SA1182	SA1182EX1XB02724	A108847B	SA1182_N	B10218	SC-3864	SC-4024	SC-4055	6857	v0.6.18	complete	6856	v0.6.18	complete	6981	v0.6.18	complete	6982	v0.6.18	complete	BWA_MEM	HG19	SA1182EX1XB02724
SA1184	SA1184DX1XB02813	A118797B	SA1184_N	B19832	SC-4013	SC-4026	SC-4056	6861	v0.6.18	complete	6860	v0.6.18	complete	6862	v0.6.18	complete	6890	v0.6.18	complete	BWA_MEM	HG19	SA1184DX1XB02813
SA1188	SA1188	A95618B	SA039	A73044B	SC-3355	SC-3644	SC-3624	5096	v0.5.20	complete	4107	v0.5.15	complete	5297	v0.5.20	complete	5385	v0.6.10	complete	BWA_MEM	HG19	SA1188X7
SA1188	SA1188	A95652A	SA039	A73044B	SC-3357	SC-3644	SC-3624	5097	v0.5.18	complete	4108	v0.5.15	complete	5298	v0.5.20	complete	5386	v0.6.10	complete	BWA_MEM	HG19	SA1188aX7
